carpeta_evento,fecha_sismo,hora_sismo,magnitud,epicentro_lat,epicentro_lon,profundidad_km,total_registros,registros_validos,registros_con_falla,pga_maximo_evento_gal,estacion_pga_maximo,distancia_epicentral_min_km,distancia_epicentral_max_km,modelos_sensores,tipos_suelo_presentes
2023_12_03_0029_02_M2_CDMX,2023/12/03,00:29:02,/M=2.0,19.37,-99.22,1.0,38,38,0,3.85957,CS78,0.814,26.706,Episensor/ETNA 2/OBSIDIAN/BASALTO/Fortimus/RAD_IO14/130-SMA,"ARCILLAS/?/Arenoso, limoso, compacto/Monumento/ARCILLA/SUELO DURO"
2023_12_12_1706_27_M2.8_CDMX,2023/12/12,17:06:27,/M=2.8,19.38,-99.22,1.0,42,42,0,8.0017,BJVM,3.191,27.001,Episensor/ETNA 2/OBSIDIAN/BASALTO/Fortimus/ALTUS-ETNA/130-SMA,ARCILLAS/?/ZONA DE LAGO/Monumento/ROCA BASALTICA/ARCILLA/SUELO DURO
2023_12_12_1707_52_M3_CDMX,12/DIC/23,17:07:52.0,/Mc=3,19.36,-99.2,1.0,125,125,0,44.5587,LOBE,1.942,26.526,RAD_IO14/Episensor/ETNA 2/OBSIDIAN/BASALTO/Fortimus/ALTUS-ETNA/130-SMA,"Terreno blando, material compresible/Transición/Arcilloso, zona lago/Arenoso, limoso, compacto/Alto riesgo sísmico/Terreno blando/ARCILLAS/?/Terreno estratificado/Monumento/ROCA BASALTICA/ARCILLA/SUELO DURO/Terreno firme, materiales compactos"
2023_12_12_1708_53_M2.4_CDMX,12/DIC/23,17:08:53.0,/Mc=2.4,19.36,-99.2,1.0,117,117,0,49.95577,CI02,1.942,267.868,RAD_IO14/Episensor/ETNA 2/OBSIDIAN/BASALTO/Fortimus/ALTUS-ETNA/130-SMA,"Arcilloso, zona lago/Terreno blando, material compresible/Transición/Arenoso, limoso, compacto/Alto riesgo sísmico/Terreno blando/ARCILLAS/?/Terreno estratificado/Monumento/ROCA BASALTICA/ARCILLA/SUELO DURO/Terreno firme, materiales compactos"
2023_12_12_1709_06_M1.6_CDMX,2023/12/12,17:09:06,/M=1.6,19.363,-99.2,1.0,35,35,0,4.5715,ROMA,3.356,24.483,Episensor/ETNA 2/OBSIDIAN/BASALTO/Fortimus,ARCILLAS/?/Monumento/ARCILLA
2023_12_12_1712_28_M1.1_CDMX,2023/12/12,17:12:28,/M=1.1,19.38,-99.22,1.0,36,36,0,1.9496,CM55,3.316,27.001,Episensor/ETNA 2/OBSIDIAN/BASALTO/Fortimus/130-SMA,ARCILLAS/?/Monumento/ARCILLA/SUELO DURO
2023_12_12_1714_37_M1.8_CDMX,2023/12/12,17:14:37,/M=1.8,19.363,-99.2,1.0,35,35,0,1.4677,CM55,3.356,24.483,Episensor/ETNA 2/OBSIDIAN/BASALTO/Fortimus,ARCILLAS/?/Monumento/ARCILLA
2023_12_12_1717_44_M1.9_CDMX,2023/12/12,17:17:44,/M=1.9,19.363,-99.2,1.0,36,36,0,1.3928,CMPI,3.356,24.483,Episensor/ETNA 2/OBSIDIAN/BASALTO/Fortimus/130-SMA,ARCILLAS/?/Monumento/ARCILLA/SUELO DURO
2023_12_12_1728_56_M1.9_CDMX,2023/12/12,17:28:56,/M=1.9,19.37,-99.2,1.0,36,36,0,1.6121,CMRA,3.129,24.678,Episensor/ETNA 2/OBSIDIAN/BASALTO/Fortimus/130-SMA,ARCILLAS/?/Monumento/ARCILLA/SUELO DURO
2023_12_12_2023_09_M2.1_CDMX,2023/12/12,20:23:09,/M=2.1,19.363,-99.2,1.0,37,37,0,1.8492,CM55,3.356,24.483,Episensor/ETNA 2/OBSIDIAN/BASALTO/Fortimus/130-SMA,ARCILLAS/?/Monumento/ARCILLA/SUELO DURO
2023_12_14_2013_14_M3.2_CDMX,14/DIC/23,20:13:14.0,/Mc=3.2,19.36,-99.2,1.0,116,116,0,68.6662,LOBE,1.942,24.483,RAD_IO14/Episensor/ETNA 2/OBSIDIAN/BASALTO/Fortimus/ALTUS-ETNA/130-SMA,"Arcilloso, zona lago/Terreno blando, material compresible/Transición/Arenoso, limoso, compacto/Alto riesgo sísmico/Terreno blando/ARCILLAS/?/Terreno estratificado/Monumento/ROCA BASALTICA/ARCILLA/SUELO DURO/Terreno firme, materiales compactos"
2023_12_14_2015_20_M2.4_CDMX,2023/12/14,20:15:20,/M=2.4,19.37,-99.2,1.0,34,34,0,7.9092,BJVM,3.129,24.678,Episensor/ETNA 2/OBSIDIAN/BASALTO/Fortimus/ALTUS-ETNA/130-SMA,ARCILLAS/?/Monumento/ROCA BASALTICA/ARCILLA/SUELO DURO
2023_12_15_0525_25_M1.3_CDMX,2023/12/15,05:25:25,/M=1.3,19.36,-99.2,1.0,34,34,0,1.9248,CMPI,3.485,24.406,Episensor/ETNA 2/OBSIDIAN/BASALTO/Fortimus/130-SMA,ARCILLAS/?/Monumento/ARCILLA/SUELO DURO
2023_12_15_1022_30_M1.6_CDMX,2023/12/15,10:22:30,/M=1.6,19.36,-99.2,1.0,34,34,0,3.5992,CMRA,3.485,24.406,Episensor/ETNA 2/OBSIDIAN/BASALTO/Fortimus/130-SMA,ARCILLAS/?/Monumento/ARCILLA/SUELO DURO
2023_12_16_0910_35_M1.6_CDMX,2023/12/16,09:10:35,/M=1.6,19.37,-99.2,1.0,11,11,0,1.3621,BJVM,3.129,24.678,Episensor/ALTUS-ETNA/130-SMA,ROCA BASALTICA/SUELO DURO
2023_12_18_1927_55_M1.1_CDMX,2023/12/18,19:27:55,/M=1.1,19.36,-99.2,1.0,15,15,0,1.1086,CTVM,3.502,24.406,Episensor/ETNA 2/OBSIDIAN/130-SMA,?/ARCILLAS/SUELO DURO
2023_12_21_0014_49_M1.3_CDMX,2023/12/21,00:14:49,/M=1.3,19.36,-99.2,1.3,16,16,0,2.665,P001A,1.016,24.406,Episensor/OBSIDIAN/BASALTO/ETNA 2/ALTUS-ETNA/130-SMA,ARCILLAS/?/Monumento/ARCILLA/SUELO DURO
2023_12_26_1335_44_M1.7_CDMX,2023/12/26,13:35:44,/M=1.7,19.37,-99.2,1.0,33,33,0,4.4551,CMPI,0.751,24.678,Episensor/ETNA 2/OBSIDIAN/BASALTO/RAD_IO14/ALTUS-ETNA/ETNA EpiSensor/130-SMA,ARCILLAS/?/Terreno estratificado/Monumento/Transición/ARCILLA/SUELO DURO
2023_12_28_0933_54_M2_CDMX,2023/12/28,09:33:54,/M=2.0,19.36,-99.2,1.0,30,30,0,5.0836,P005A,1.256,24.406,Episensor/ETNA 2/OBSIDIAN/BASALTO/Fortimus/ETNA EpiSensor/130-SMA,?/ARCILLAS/ARCILLA/SUELO DURO
2023_12_28_0949_51_M1.7_CDMX,2023/12/28,09:49:51,/M=1.7,19.37,-99.2,1.0,34,34,0,2.6255,SCT2,3.129,24.678,Episensor/ETNA 2/OBSIDIAN/BASALTO/Fortimus/130-SMA,ARCILLAS/?/Monumento/ARCILLA/SUELO DURO
2023_12_31_1001_35_M1.3_CDMX,2023/12/31,10:01:35,/M=1.3,19.36,-99.2,1.0,34,34,0,1.0841,CTVM,3.485,24.406,Episensor/ETNA 2/OBSIDIAN/BASALTO/Fortimus/130-SMA,ARCILLAS/?/Monumento/ARCILLA/SUELO DURO
2024-08-05-1030_M2_4_cdmx,2024/08/05,10:30:48,/M=2.4,19.38,-99.23,1.0,68,68,0,156.4867,LOBE,3.121,76.816,Episensor/RS-4D/ETNA 2/OBSIDIAN/BASALTO/Fortimus/ALTUS-ETNA/ETNA EpiSensor/130-SMA,ARCILLAS/?/ZONA DE LAGO/Monumento/ROCA BASALTICA/ARCILLA/SUELO DURO
2024-09-26-0639_M2_9_CDMX,2024/09/26,06:39:05,/M=2.9,19.4,-99.18,1.0,71,71,0,220.59,P011A,1.676,80.09,Episensor/RS-4D/ETNA 2/OBSIDIAN/BASALTO/ETNA EpiSensor/ALTUS-ETNA/Fortimus/130-SMA,ARCILLAS/?/ZONA DE LAGO/Monumento/ARCILLA/SUELO DURO
2024-09-26-1113_M2_0_CDMX,2024/09/26,11:13:16,/M=2.0,19.39,-99.19,1.0,70,70,0,3155.8604,ENP3,1.356,79.758,Episensor/RS-4D/ETNA 2/OBSIDIAN/BASALTO/ETNA EpiSensor/ALTUS-ETNA/Fortimus/130-SMA,ARCILLAS/?/ZONA DE LAGO/Monumento/ARCILLA/SUELO DURO
2024-09-26-1121_M1_0_CDMX,2024/09/26,11:21:31,/M=1.0,19.39,-99.19,1.0,71,71,0,4.6725,LOBE,1.356,79.758,Episensor/RS-4D/ETNA 2/OBSIDIAN/BASALTO/ETNA EpiSensor/ALTUS-ETNA/Fortimus/130-SMA,ARCILLAS/?/ZONA DE LAGO/Monumento/ARCILLA/SUELO DURO
2024-09-26-1131_M1_0_CDMX,2024/09/26,11:31:05,/M=1.0,19.39,-99.19,1.0,70,70,0,7.385,LOBE,1.356,79.758,Episensor/RS-4D/ETNA 2/OBSIDIAN/BASALTO/ETNA EpiSensor/ALTUS-ETNA/Fortimus/130-SMA,ARCILLAS/?/ZONA DE LAGO/Monumento/ARCILLA/SUELO DURO
2024-09-26-1139_M1_5_CDMX,2024/09/26,11:39:14,/M=1.5,19.39,-99.19,1.0,71,71,0,6.0453,LOBE,1.356,79.758,Episensor/RS-4D/ETNA 2/OBSIDIAN/BASALTO/ETNA EpiSensor/ALTUS-ETNA/Fortimus/130-SMA,ARCILLAS/?/ZONA DE LAGO/Monumento/ARCILLA/SUELO DURO
2024-09-26-1626_M2_4_CDMX,2024/09/26,16:26:32,/M=2.4,19.4,-99.17,1.0,70,70,0,204.8728,P011A,1.087,80.997,Episensor/RS-4D/ETNA 2/OBSIDIAN/BASALTO/ETNA EpiSensor/ALTUS-ETNA/Fortimus/130-SMA,ARCILLAS/?/ZONA DE LAGO/Monumento/ARCILLA/SUELO DURO
2024-09-26-1717_M1_1_CDMX,2024/09/26,17:17:14,/M=1.1,19.4,-99.17,1.0,69,69,0,6.4437,LOBE,1.087,80.997,Episensor/RS-4D/ETNA 2/OBSIDIAN/BASALTO/ALTUS-ETNA/Fortimus/130-SMA,ARCILLAS/?/ZONA DE LAGO/Monumento/ARCILLA/SUELO DURO
2024-09-26-1737_M1.4_CDMX,2024/09/26,17:37:59,/M=1.4,19.4,-99.17,1.0,70,70,0,4.4504,LOBE,1.087,80.997,Episensor/RS-4D/ETNA 2/OBSIDIAN/BASALTO/ETNA EpiSensor/ALTUS-ETNA/Fortimus/130-SMA,ARCILLAS/?/ZONA DE LAGO/Monumento/ARCILLA/SUELO DURO
2024-09-26-1741_M2.2_CDMX,2024/09/26,17:41:49,/M=2.2,19.4,-99.17,1.0,70,70,0,8.0353,P011A,1.087,80.997,Episensor/RS-4D/ETNA 2/OBSIDIAN/BASALTO/ETNA EpiSensor/ALTUS-ETNA/Fortimus/130-SMA,ARCILLAS/?/ZONA DE LAGO/Monumento/ARCILLA/SUELO DURO
2024-09-26-1750_M1.5_CDMX,2024/09/26,17:50:31,/M=1.5,19.39,-99.2,1.0,69,69,0,949.9456,CMAD,0.808,78.864,Episensor/RS-4D/ETNA 2/OBSIDIAN/BASALTO/ALTUS-ETNA/Fortimus/130-SMA,ARCILLAS/?/ZONA DE LAGO/Monumento/ARCILLA/SUELO DURO
2024-09-26-1803_M1_7_CDMX,2024/09/26,18:03:02,/M=1.7,19.42,-99.2,1.0,69,69,0,924.7169,CCHO,1.641,77.162,Episensor/RS-4D/ETNA 2/OBSIDIAN/BASALTO/ALTUS-ETNA/Fortimus/130-SMA,ARCILLAS/?/ZONA DE LAGO/Monumento/ARCILLA/SUELO DURO
2024-09-26-2031_M1_4_CDMX,2024/09/26,20:31:21,/M=1.4,19.4,-99.18,1.0,69,69,0,5.128,LOBE,1.676,80.09,Episensor/RS-4D/ETNA 2/OBSIDIAN/BASALTO/ALTUS-ETNA/Fortimus/130-SMA,ARCILLAS/?/ZONA DE LAGO/Monumento/ARCILLA/SUELO DURO
2024-09-27-0029_M1_0_CDMX,2024/09/27,00:29:46,/M=1.0,19.39,-99.19,1.0,71,71,0,76.7112,ENP2,1.356,79.758,Episensor/RS-4D/ETNA 2/OBSIDIAN/BASALTO/Fortimus/ETNA EpiSensor/ALTUS-ETNA/130-SMA,ARCILLAS/?/ZONA DE LAGO/Monumento/ARCILLA/SUELO DURO
2024-09-27-0151_M1_7_CDMX,2024/09/27,01:51:50,/M=1.7,19.39,-99.19,1.0,70,70,0,6.0691,LBC2,1.356,79.758,Episensor/RS-4D/ETNA 2/OBSIDIAN/BASALTO/Fortimus/ETNA EpiSensor/ALTUS-ETNA/130-SMA,ARCILLAS/?/ZONA DE LAGO/Monumento/ARCILLA/SUELO DURO
2024-09-27-0200_M1_0_CDMX,2024/09/27,02:00:26,/M=1.0,19.4,-99.18,1.0,66,66,0,26.1435,VRVM,1.676,80.09,Episensor/RS-4D/ETNA 2/OBSIDIAN/BASALTO/Fortimus/ETNA EpiSensor/ALTUS-ETNA/130-SMA,ARCILLAS/?/ZONA DE LAGO/Monumento/ARCILLA/SUELO DURO
2024-09-27-0516_M1_6_CDMX,2024/09/27,05:16:49,/M=1.6,19.4,-99.18,1.0,67,67,0,3.9938,CMP9,1.676,80.09,Episensor/RS-4D/ETNA 2/OBSIDIAN/BASALTO/ETNA EpiSensor/ALTUS-ETNA/130-SMA/Fortimus,ARCILLAS/?/ZONA DE LAGO/Monumento/ARCILLA/SUELO DURO
2024-09-27-0531_M2_7_CDMX,2024/09/27,05:31:00,/M=2.7,19.38,-99.19,1.0,67,67,0,84.465,P011A,0.559,80.342,Episensor/RS-4D/ETNA 2/OBSIDIAN/BASALTO/ETNA EpiSensor/ALTUS-ETNA/130-SMA/Fortimus,ARCILLAS/?/ZONA DE LAGO/Monumento/ARCILLA/SUELO DURO
2024-09-27-0557_M1_2_CDMX,2024/09/27,05:57:05,/M=1.2,19.38,-99.19,1.0,68,68,0,3.1308,P011A,0.559,80.342,Episensor/RS-4D/ETNA 2/OBSIDIAN/BASALTO/ETNA EpiSensor/ALTUS-ETNA/130-SMA/Fortimus,ARCILLAS/?/ZONA DE LAGO/Monumento/ARCILLA/SUELO DURO
2024-09-27-0629_M1_8_CDMX,2024/09/27,06:29:39,/M=1.8,19.4,-99.18,1.0,68,68,0,19.7131,P011A,1.676,80.09,Episensor/RS-4D/ETNA 2/OBSIDIAN/BASALTO/ETNA EpiSensor/ALTUS-ETNA/130-SMA/Fortimus,ARCILLAS/?/ZONA DE LAGO/Monumento/ARCILLA/SUELO DURO
2024-09-27-0957_M2_3_CDMX,2024/09/27,09:57:35,/M=2.3,19.39,-99.19,1.0,68,68,0,30.4831,P011A,1.356,79.758,Episensor/RS-4D/ETNA 2/OBSIDIAN/BASALTO/ETNA EpiSensor/ALTUS-ETNA/130-SMA/Fortimus,ARCILLAS/?/ZONA DE LAGO/Monumento/ARCILLA/SUELO DURO
2024-09-27-1947_M1_4_CDMX,2024/09/27,19:47:01,/M=1.4,19.4,-99.18,1.0,70,70,0,6.0786,LOBE,1.676,80.09,Episensor/RS-4D/ETNA 2/OBSIDIAN/BASALTO/Fortimus/ALTUS-ETNA/130-SMA,ARCILLAS/?/ZONA DE LAGO/Monumento/ARCILLA/SUELO DURO
2024-09-27-2351_M2_4_CDMX,2024/09/27,23:51:43,/M=2.4,19.38,-99.19,1.0,70,70,0,20.9289,P011A,0.559,80.342,Episensor/RS-4D/ETNA 2/OBSIDIAN/BASALTO/Fortimus/ETNA EpiSensor/ALTUS-ETNA/130-SMA,ARCILLAS/?/ZONA DE LAGO/Monumento/ARCILLA/SUELO DURO
2024-09-28-0243_M2_4_CDMX,2024/09/28,02:43:56,/M=2.4,19.39,-99.2,1.7,70,70,0,45.787,P011A,0.808,78.864,Episensor/RS-4D/ETNA 2/OBSIDIAN/BASALTO/Fortimus/ALTUS-ETNA/ETNA EpiSensor/130-SMA,ARCILLAS/?/ZONA DE LAGO/Monumento/ROCA BASALTICA/ARCILLA/SUELO DURO
2024-10-07-2141_M2_0_CDMX,2024/10/07,21:41:11,/M=2.0,19.4,-99.19,1.0,76,76,0,58.3386,P011A,0.744,79.186,Episensor/RS-4D/ETNA 2/OBSIDIAN/BASALTO/Fortimus/ALTUS-ETNA/ETNA EpiSensor/130-SMA,ARCILLAS/?/ZONA DE LAGO/Monumento/ROCA BASALTICA/ARCILLA/SUELO DURO
2024-11-17-2101-11_M1_8_CDMX,2024/11/17,21:01:11,/M=1.8,19.369,-99.209,3.0,75,75,0,2.9005,LOBE,1.27,79.328,Episensor/RS-4D/ETNA 2/OBSIDIAN/BASALTO/Fortimus/ALTUS-ETNA,ARCILLAS/?/ZONA DE LAGO/Monumento/ROCA BASALTICA/ARCILLA
2024-11-18-0610-04_M1_9_CDMX,2024/11/18,06:10:04,/M=1.9,19.388,-99.222,1.0,75,75,0,16.8548,CMCT,2.341,77.031,Episensor/RS-4D/ETNA 2/OBSIDIAN/BASALTO/ALTUS-ETNA/Fortimus,ARCILLAS/?/ZONA DE LAGO/Monumento/ROCA BASALTICA/ARCILLA
2024-11-19-0322-03_M1_8_CDMX,2024/11/19,03:22:03,/M=1.8,19.494,-99.203,1.0,73,73,0,19.4662,APVM,0.891,73.157,Episensor/RS-4D/ETNA 2/OBSIDIAN/BASALTO/ALTUS-ETNA/Fortimus,ARCILLAS/?/ZONA DE LAGO/ROCA BASALTICA/ARCILLA
2024-11-19-0322-49_M2_2_CDMX,2024/11/19,03:22:49,/M=2.2,19.475,-99.163,1.0,73,73,0,7.254,CMP9,2.496,77.848,Episensor/RS-4D/ETNA 2/OBSIDIAN/BASALTO/ALTUS-ETNA/Fortimus,ARCILLAS/?/ZONA DE LAGO/ROCA BASALTICA/ARCILLA
2024-11-19-1105-59_M1_4_CDMX,2024/11/19,11:05:59,/M=1.4,19.382,-99.216,1.0,74,74,0,3.1649,RV12,1.64,77.922,Episensor/RS-4D/ETNA 2/OBSIDIAN/BASALTO/ALTUS-ETNA/Fortimus,ARCILLAS/?/ZONA DE LAGO/Monumento/ROCA BASALTICA/ARCILLA
2024-11-19-1107-44_M1_7_CDMX,2024/11/19,11:07:44,/M=1.7,19.387,-99.217,1.0,74,74,0,4.064,MHVM,1.806,77.533,Episensor/RS-4D/ETNA 2/OBSIDIAN/BASALTO/ALTUS-ETNA/Fortimus,ARCILLAS/?/ZONA DE LAGO/Monumento/ROCA BASALTICA/ARCILLA
2024-11-19-1416-58_M1_4_CDMX,2024/11/19,14:16:58,/M=1.4,19.387,-99.217,1.0,76,76,0,9.5992,ENP9,1.806,77.533,Episensor/RS-4D/ETNA 2/OBSIDIAN/BASALTO/ALTUS-ETNA/Fortimus,ARCILLAS/?/ZONA DE LAGO/Monumento/ROCA BASALTICA/ARCILLA
2024_01_10_1819_20_M1.2_CDMX,2024/01/10,18:19:20,/M=1.2,19.36,-99.2,1.0,63,63,0,5.4688,P005A,1.07,80.668,Episensor/RS-4D/ETNA 2/OBSIDIAN/BASALTO/Fortimus/ALTUS-ETNA/ETNA EpiSensor/130-SMA,ARCILLAS/?/ZONA DE LAGO/Monumento/ROCA BASALTICA/ARCILLA/SUELO DURO
2024_01_31_1149_06_M1.2_CDMX,2024/01/31,11:49:06,/M=1.2,19.36,-99.21,1.0,56,56,0,2.6029,CMPR,1.927,79.798,Episensor/RS-4D/ETNA 2/OBSIDIAN/BASALTO/ALTUS-ETNA/130-SMA,ARCILLAS/?/ZONA DE LAGO/Monumento/ROCA BASALTICA/ARCILLA/SUELO DURO
2024_02_04_0917_22_M2.3_CDMX,2024/02/04,09:17:22,/M=2.3,19.363,-99.213,1.0,58,58,0,17.8076,ENP8,2.076,79.35,Episensor/RS-4D/ETNA 2/OBSIDIAN/ALTUS-ETNA/ETNA EpiSensor/130-SMA,ARCILLAS/?/ZONA DE LAGO/Monumento/ROCA BASALTICA/ARCILLA/SUELO DURO
2024_02_14_1242_13_M2.8_CDMX,14/FEB/24,12:42:13.0,/Mc=2.8,19.37,-99.2,1.0,50,50,0,132.2007,LOBE,0.871,25.63,RAD_IO14/Episensor/ETNA 2/OBSIDIAN/BASALTO/ALTUS-ETNA/ETNA EpiSensor/130-SMA,"Transición/ARCILLAS/?/ZONA DE LAGO/Terreno estratificado/Monumento/ROCA BASALTICA/Arenoso, limoso, compacto/ARCILLA/SUELO DURO"
2024_02_14_1242_56_M1.3_CDMX,2024/02/14,12:42:56,/M=1.3,19.37,-99.2,1.0,38,38,0,0.9655,CMRA,3.129,24.678,Episensor/ETNA 2/OBSIDIAN/BASALTO/ALTUS-ETNA/130-SMA,ARCILLAS/?/ZONA DE LAGO/Monumento/ROCA BASALTICA/ARCILLA/SUELO DURO
2024_02_14_1243_02_M1.8_CDMX,2024/02/14,12:43:02,/M=1.8,19.373,-99.202,1.0,38,38,0,6.8962,CMBM,3.151,24.97,Episensor/ETNA 2/OBSIDIAN/BASALTO/ALTUS-ETNA/130-SMA,ARCILLAS/?/ZONA DE LAGO/Monumento/ROCA BASALTICA/ARCILLA/SUELO DURO
2024_02_14_1243_17_M1.7_CDMX,2024/02/14,12:43:17,/M=1.7,19.37,-99.2,1.0,38,38,0,4.7026,CMRA,3.129,24.678,Episensor/ETNA 2/OBSIDIAN/BASALTO/ALTUS-ETNA/130-SMA,ARCILLAS/?/ZONA DE LAGO/Monumento/ROCA BASALTICA/ARCILLA/SUELO DURO
2024_02_14_1243_50_M1.7_CDMX,2024/02/14,12:43:50,/M=1.7,19.37,-99.2,1.0,38,38,0,14.5207,CMTD,3.129,24.678,Episensor/ETNA 2/OBSIDIAN/BASALTO/ALTUS-ETNA/130-SMA,ARCILLAS/?/ZONA DE LAGO/Monumento/ROCA BASALTICA/ARCILLA/SUELO DURO
2024_02_14_1244_07_M1.7_CDMX,2024/02/14,12:44:07,/M=1.7,19.37,-99.2,1.0,38,38,0,16.1245,CJVM,3.129,24.678,Episensor/ETNA 2/OBSIDIAN/BASALTO/ALTUS-ETNA/130-SMA,ARCILLAS/?/ZONA DE LAGO/Monumento/ROCA BASALTICA/ARCILLA/SUELO DURO
2024_02_14_1244_53_M1.8_CDMX,2024/02/14,12:44:53,/M=1.8,19.37,-99.2,1.0,40,40,0,4.7039,CMTD,0.678,24.678,Episensor/ETNA 2/OBSIDIAN/BASALTO/ALTUS-ETNA/ETNA EpiSensor/130-SMA,ARCILLAS/?/ZONA DE LAGO/Monumento/ROCA BASALTICA/ARCILLA/SUELO DURO
2024_02_14_1246_07_M1.7_CDMX,2024/02/14,12:46:07,/M=1.7,19.37,-99.2,1.0,39,39,0,7.7032,CMRA,0.751,24.678,Episensor/ETNA 2/OBSIDIAN/BASALTO/ALTUS-ETNA/130-SMA,ARCILLAS/?/ZONA DE LAGO/Monumento/ROCA BASALTICA/ARCILLA/SUELO DURO
2024_02_14_1759_01_M1.5_CDMX,2024/02/14,17:59:01,/M=1.5,19.37,-99.21,1.0,38,38,0,8.2605,CMMG,3.643,25.691,Episensor/ETNA 2/OBSIDIAN/BASALTO/ALTUS-ETNA/130-SMA,ARCILLAS/?/ZONA DE LAGO/Monumento/ROCA BASALTICA/ARCILLA/SUELO DURO
2024_02_16_0233_21_M1.6_CDMX,2024/02/16,02:33:21,/M=1.6,19.37,-99.21,1.0,62,62,0,5.519,CMP9,1.774,79.179,Episensor/RS-4D/ETNA 2/OBSIDIAN/BASALTO/ALTUS-ETNA/130-SMA,ARCILLAS/?/ZONA DE LAGO/Monumento/ROCA BASALTICA/ARCILLA/SUELO DURO
2024_02_16_1535_23_M2_CDMX,2024/02/16,15:35:23,/M=2.0,19.37,-99.21,1.0,61,61,0,16.3267,ENP8,1.774,79.179,Episensor/RS-4D/ETNA 2/OBSIDIAN/BASALTO/ALTUS-ETNA/130-SMA,ARCILLAS/?/ZONA DE LAGO/Monumento/ROCA BASALTICA/ARCILLA/SUELO DURO
2024_02_16_1736_00_M1.4_CDMX,2024/02/16,17:36:00,/M=1.4,19.38,-99.22,,61,61,0,3.0785,ENP8,3.134,77.691,Episensor/RS-4D/ETNA 2/OBSIDIAN/BASALTO/ALTUS-ETNA/130-SMA,ARCILLAS/?/ZONA DE LAGO/Monumento/ROCA BASALTICA/ARCILLA/SUELO DURO
2024_02_16_1740_12_M1.2_CDMX,2024/02/16,17:40:12,/M=1.2,19.38,-99.21,1.0,61,61,0,5.7349,CMP9,2.248,78.571,Episensor/RS-4D/ETNA 2/OBSIDIAN/BASALTO/ALTUS-ETNA/130-SMA,ARCILLAS/?/ZONA DE LAGO/Monumento/ROCA BASALTICA/ARCILLA/SUELO DURO
2024_02_17_1529_45_M2_CDMX,2024/02/17,15:29:45,/M=2.0,19.37,-99.21,1.0,61,61,0,5.5416,CMP9,1.774,63.727,Episensor/RS-4D/ETNA 2/OBSIDIAN/BASALTO/ALTUS-ETNA/130-SMA,ARCILLAS/?/ZONA DE LAGO/Monumento/ROCA BASALTICA/ARCILLA/SUELO DURO
2024_02_20_1007_35_M1.4_CDMX,2024/02/20,10:07:35,/M=1.4,19.367,-99.206,,61,61,0,2.696,CMPR,1.329,63.663,Episensor/RS-4D/ETNA 2/OBSIDIAN/BASALTO/ALTUS-ETNA/130-SMA,ARCILLAS/?/ZONA DE LAGO/Monumento/ROCA BASALTICA/ARCILLA/SUELO DURO
2024_02_21_1711_19_M1_CDMX,2024/02/21,17:11:19,/M=1.0,19.374,-99.201,,62,62,0,4.8537,ENP9,1.097,79.726,Episensor/RS-4D/ETNA 2/OBSIDIAN/BASALTO/ALTUS-ETNA/130-SMA,ARCILLAS/?/ZONA DE LAGO/Monumento/ROCA BASALTICA/ARCILLA/SUELO DURO
